-- phpMyAdmin SQL Dump
-- version 4.0.10.14
-- http://www.phpmyadmin.net
--
-- Host: localhost:3306
-- Generation Time: Aug 21, 2017 at 09:28 AM
-- Server version: 5.6.28-76.1-log
-- PHP Version: 5.6.20

SET SQL_MODE = "NO_AUTO_VALUE_ON_ZERO";
SET time_zone = "+00:00";


/*!40101 SET @OLD_CHARACTER_SET_CLIENT=@@CHARACTER_SET_CLIENT */;
/*!40101 SET @OLD_CHARACTER_SET_RESULTS=@@CHARACTER_SET_RESULTS */;
/*!40101 SET @OLD_COLLATION_CONNECTION=@@COLLATION_CONNECTION */;
/*!40101 SET NAMES utf8 */;

--
-- Database: `dailymsg_sac`
--

-- --------------------------------------------------------

--
-- Table structure for table `tbl_alarms`
--

CREATE TABLE IF NOT EXISTS `tbl_alarms` (
  `alarmid` char(10) NOT NULL,
  `al_sequence` bigint(16) NOT NULL AUTO_INCREMENT,
  `al_rawlink` varchar(2000) NOT NULL DEFAULT '1',
  `al_risklevel` int(3) NOT NULL DEFAULT '1',
  `al_incidenttime` datetime DEFAULT NULL,
  `al_incidentlog` varchar(100) NOT NULL,
  `al_rawmessage` varchar(5000) NOT NULL,
  `al_incidentstatus` int(3) NOT NULL DEFAULT '1',
  `al_incidentuser` int(3) NOT NULL DEFAULT '1',
  `al_userrole` int(3) NOT NULL DEFAULT '1',
  `al_playbook` char(26) NOT NULL,
  `al_incidentnumberrtir` int(16) NOT NULL DEFAULT '10',
  `al_severity` int(3) NOT NULL DEFAULT '1',
  `al_category` int(4) NOT NULL DEFAULT '1',
  `al_commet` varchar(30) NOT NULL,
  `al_createddatetime` datetime DEFAULT NULL,
  `al_createdby` int(5) NOT NULL,
  `al_updatedatetime` datetime DEFAULT NULL,
  `clientid` int(8) NOT NULL,
  `cl_partnerid` int(8) NOT NULL,
  `logsourceid` char(16) NOT NULL,
  `al_name` varchar(30) DEFAULT NULL,
  `PlatID` int(5) NOT NULL,
  `ls_priority` int(2) NOT NULL,
  PRIMARY KEY (`al_sequence`)
) ENGINE=InnoDB  DEFAULT CHARSET=utf8 AUTO_INCREMENT=1536 ;

--
-- Dumping data for table `tbl_alarms`
--

INSERT INTO `tbl_alarms` (`alarmid`, `al_sequence`, `al_rawlink`, `al_risklevel`, `al_incidenttime`, `al_incidentlog`, `al_rawmessage`, `al_incidentstatus`, `al_incidentuser`, `al_userrole`, `al_playbook`, `al_incidentnumberrtir`, `al_severity`, `al_category`, `al_commet`, `al_createddatetime`, `al_createdby`, `al_updatedatetime`, `clientid`, `cl_partnerid`, `logsourceid`, `al_name`, `PlatID`, `ls_priority`) VALUES
('0210505307', 307, 'dev.sacsol.com/307.html', 15, '2017-07-24 13:54:20', '?', '{"EventTime":"2017-07-24 00:40:37","Hostname":"DESKTOP-IRQ423N","Keywords":-9214364837600034816,"EventType":"AUDIT_SUCCESS","SeverityValue":2,"Severity":"INFO","EventID":4658,"SourceName":"Microsoft-Windows-Security-Auditing","ProviderGuid":"{54849625-5478-4994-A5BA-3E3B0328C30D}","Version":0,"Task":12804,"OpcodeValue":0,"RecordNumber":33823749,"ProcessID":4,"ThreadID":920,"Channel":"Security","Message":"The handle to an object was closed.\\r\\n\\r\\nSubject :\\r\\n\\tSecurity ID:\\t\\tS-1-5-21-61421463-392680996-2733767298-1001\\r\\n\\tAccount Name:\\t\\tdevtst\\r\\n\\tAccount Domain:\\t\\tDESKTOP-IRQ423N\\r\\n\\tLogon ID:\\t\\t0x53E0249\\r\\n\\r\\nObject:\\r\\n\\tObject Server:\\t\\tSecurity Account Manager\\r\\n\\tHandle ID:\\t\\t0x19797472cc0\\r\\n\\r\\nProcess Information:\\r\\n\\tProcess ID:\\t\\t0x2ac\\r\\n\\tProcess Name:\\t\\tC:\\\\Windows\\\\System32\\\\lsass.exe","Category":"Other Object Access Events","Opcode":"Info","SubjectUserSid":"S-1-5-21-61421463-392680996-2733767298-1001","SubjectUserName":"devtst","SubjectDomainName":"DESKTOP-IRQ423N","SubjectLogonId":"0x53e0249","ObjectServer":"Security Account Manager","HandleId":"0x19797472cc0","ProcessName":"C:\\\\Windows\\\\System32\\\\lsass.exe","EventReceivedTime":"2017-07-24 00:40:38","SourceModuleName":"eventlog","SourceModuleType":"im_msvistalog"}', 3, 1, 1, '04500001012421620210505307', 1, 3, 500, '', '2017-07-28 18:56:58', 1, '2017-07-28 18:56:58', 4500001, 4500001, '0450000101242307', 'Un-authorized Access', 1020, 5),
('0210505308', 308, 'dev.sacsol.com/308.html', 5, '2017-07-25 15:48:27', '?', '{"EventTime":"2017-07-25 17:48:40","Hostname":"DESKTOP-IRQ423N","Keywords":-9214364837600034816,"EventType":"AUDIT_SUCCESS","SeverityValue":2,"Severity":"INFO","EventID":4658,"SourceName":"Microsoft-Windows-Security-Auditing","ProviderGuid":"{54849625-5478-4994-A5BA-3E3B0328C30D}","Version":0,"Task":12804,"OpcodeValue":0,"RecordNumber":34702225,"ProcessID":4,"ThreadID":9524,"Channel":"Security","Message":"The handle to an object was closed.\\r\\n\\r\\nSubject :\\r\\n\\tSecurity ID:\\t\\tS-1-5-21-61421463-392680996-2733767298-1001\\r\\n\\tAccount Name:\\t\\tdevtst\\r\\n\\tAccount Domain:\\t\\tDESKTOP-IRQ423N\\r\\n\\tLogon ID:\\t\\t0x53E0249\\r\\n\\r\\nObject:\\r\\n\\tObject Server:\\t\\tSecurity Account Manager\\r\\n\\tHandle ID:\\t\\t0x19797473180\\r\\n\\r\\nProcess Information:\\r\\n\\tProcess ID:\\t\\t0x2ac\\r\\n\\tProcess Name:\\t\\tC:\\\\Windows\\\\System32\\\\lsass.exe","Category":"Other Object Access Events","Opcode":"Info","SubjectUserSid":"S-1-5-21-61421463-392680996-2733767298-1001","SubjectUserName":"devtst","SubjectDomainName":"DESKTOP-IRQ423N","SubjectLogonId":"0x53e0249","ObjectServer":"Security Account Manager","HandleId":"0x19797473180","ProcessName":"C:\\\\Windows\\\\System32\\\\lsass.exe","EventReceivedTime":"2017-07-25 17:48:41","SourceModuleName":"eventlog","SourceModuleType":"im_msvistalog"}', 1, 1, 1, '04500001012421620210505308', 1, 1, 500, '', '2017-07-28 18:57:27', 1, '2017-07-28 18:57:27', 4500001, 4500001, '0450000101242308', 'Un-authorized Access', 1010, 5),
('0210505309', 309, 'dev.sacsol.com/309.html', 15, '2017-07-28 16:59:14', '?', '{"EventTime":"2017-07-28 18:59:37","Hostname":"DESKTOP-IRQ423N","Keywords":-9214364837600034816,"EventType":"AUDIT_SUCCESS","SeverityValue":2,"Severity":"INFO","EventID":4658,"SourceName":"Microsoft-Windows-Security-Auditing","ProviderGuid":"{54849625-5478-4994-A5BA-3E3B0328C30D}","Version":0,"Task":12804,"OpcodeValue":0,"RecordNumber":36238811,"ProcessID":4,"ThreadID":3140,"Channel":"Security","Message":"The handle to an object was closed.\\r\\n\\r\\nSubject :\\r\\n\\tSecurity ID:\\t\\tS-1-5-21-61421463-392680996-2733767298-1001\\r\\n\\tAccount Name:\\t\\tdevtst\\r\\n\\tAccount Domain:\\t\\tDESKTOP-IRQ423N\\r\\n\\tLogon ID:\\t\\t0x53E0249\\r\\n\\r\\nObject:\\r\\n\\tObject Server:\\t\\tSecurity Account Manager\\r\\n\\tHandle ID:\\t\\t0x19797473180\\r\\n\\r\\nProcess Information:\\r\\n\\tProcess ID:\\t\\t0x2ac\\r\\n\\tProcess Name:\\t\\tC:\\\\Windows\\\\System32\\\\lsass.exe","Category":"Other Object Access Events","Opcode":"Info","SubjectUserSid":"S-1-5-21-61421463-392680996-2733767298-1001","SubjectUserName":"devtst","SubjectDomainName":"DESKTOP-IRQ423N","SubjectLogonId":"0x53e0249","ObjectServer":"Security Account Manager","HandleId":"0x19797473180","ProcessName":"C:\\\\Windows\\\\System32\\\\lsass.exe","EventReceivedTime":"2017-07-28 18:59:38","SourceModuleName":"eventlog","SourceModuleType":"im_msvistalog"}', 1, 1, 1, '04500001012421620210505309', 1, 3, 500, '', '2017-07-28 18:59:33', 1, '2017-07-28 18:59:33', 4500001, 4500001, '0450000101242309', 'Un-authorized Access', 5010, 5),
('3103100310', 310, 'dev.sacsol.com/310.html', 6, '2017-07-28 21:34:49', '?', '{"EventTime":"2017-07-28 23:34:27","Hostname":"DESKTOP-IRQ423N","Keywords":-9214364837600034816,"EventType":"AUDIT_SUCCESS","SeverityValue":2,"Severity":"INFO","EventID":4658,"SourceName":"Microsoft-Windows-Security-Auditing","ProviderGuid":"{54849625-5478-4994-A5BA-3E3B0328C30D}","Version":0,"Task":12812,"OpcodeValue":0,"RecordNumber":36343154,"ProcessID":4,"ThreadID":8968,"Channel":"Security","Message":"The handle to an object was closed.\\r\\n\\r\\nSubject :\\r\\n\\tSecurity ID:\\t\\tS-1-5-18\\r\\n\\tAccount Name:\\t\\tDESKTOP-IRQ423N$\\r\\n\\tAccount Domain:\\t\\tWORKGROUP\\r\\n\\tLogon ID:\\t\\t0x3E7\\r\\n\\r\\nObject:\\r\\n\\tObject Server:\\t\\tSecurity\\r\\n\\tHandle ID:\\t\\t0x270\\r\\n\\r\\nProcess Information:\\r\\n\\tProcess ID:\\t\\t0x27d4\\r\\n\\tProcess Name:\\t\\tC:\\\\Windows\\\\SoftwareDistribution\\\\Download\\\\82f617126cce53d385dc3a428fb4aa65\\\\WindowsUpdateBox.exe","Category":"Removable Storage","Opcode":"Info","SubjectUserSid":"S-1-5-18","SubjectUserName":"DESKTOP-IRQ423N$","SubjectDomainName":"WORKGROUP","SubjectLogonId":"0x3e7","ObjectServer":"Security","HandleId":"0x270","ProcessName":"C:\\\\Windows\\\\SoftwareDistribution\\\\Download\\\\82f617126cce53d385dc3a428fb4aa65\\\\WindowsUpdateBox.exe","EventReceivedTime":"2017-07-28 23:34:33","SourceModuleName":"eventlog","SourceModuleType":"im_msvistalog"}', 1, 1, 1, '04500001012421620123456310', 1, 3, 210, '', '2017-07-29 11:57:34', 1, '2017-07-29 11:57:34', 4500001, 4500001, '0450000101309309', 'Intrusion', 2010, 2),
('0311311311', 311, 'dev.sacsol.com/311.html', 15, '2017-07-28 21:44:02', '?', '{"EventTime":"2017-07-28 23:37:03","Hostname":"DESKTOP-IRQ423N","Keywords":-9214364837600034816,"EventType":"AUDIT_SUCCESS","SeverityValue":2,"Severity":"INFO","EventID":4658,"SourceName":"Microsoft-Windows-Security-Auditing","ProviderGuid":"{54849625-5478-4994-A5BA-3E3B0328C30D}","Version":0,"Task":12812,"OpcodeValue":0,"RecordNumber":36394066,"ProcessID":4,"ThreadID":10112,"Channel":"Security","Message":"The handle to an object was closed.\\r\\n\\r\\nSubject :\\r\\n\\tSecurity ID:\\t\\tS-1-5-18\\r\\n\\tAccount Name:\\t\\tDESKTOP-IRQ423N$\\r\\n\\tAccount Domain:\\t\\tWORKGROUP\\r\\n\\tLogon ID:\\t\\t0x3E7\\r\\n\\r\\nObject:\\r\\n\\tObject Server:\\t\\tSecurity\\r\\n\\tHandle ID:\\t\\t0x334\\r\\n\\r\\nProcess Information:\\r\\n\\tProcess ID:\\t\\t0x27d4\\r\\n\\tProcess Name:\\t\\tC:\\\\Windows\\\\SoftwareDistribution\\\\Download\\\\82f617126cce53d385dc3a428fb4aa65\\\\WindowsUpdateBox.exe","Category":"Removable Storage","Opcode":"Info","SubjectUserSid":"S-1-5-18","SubjectUserName":"DESKTOP-IRQ423N$","SubjectDomainName":"WORKGROUP","SubjectLogonId":"0x3e7","ObjectServer":"Security","HandleId":"0x334","ProcessName":"C:\\\\Windows\\\\SoftwareDistribution\\\\Download\\\\82f617126cce53d385dc3a428fb4aa65\\\\WindowsUpdateBox.exe","EventReceivedTime":"2017-07-28 23:37:16","SourceModuleName":"eventlog","SourceModuleType":"im_msvistalog"}', 1, 1, 1, '04500001012421620123456311', 1, 3, 210, '', '2017-07-29 11:57:35', 1, '2017-07-29 11:57:35', 4500001, 4500001, '0450000101242310', 'Intrusion', 2010, 5),
('0123456312', 312, 'dev.sacsol.com/321.html', 12, '2017-07-29 01:34:07', '?', '{"EventTime":"2017-07-29 03:34:31","Hostname":"DESKTOP-IRQ423N","Keywords":-9214364837600034816,"EventType":"AUDIT_SUCCESS","SeverityValue":2,"Severity":"INFO","EventID":4658,"SourceName":"Microsoft-Windows-Security-Auditing","ProviderGuid":"{54849625-5478-4994-A5BA-3E3B0328C30D}","Version":0,"Task":12812,"OpcodeValue":0,"RecordNumber":36562741,"ProcessID":4,"ThreadID":8816,"Channel":"Security","Message":"The handle to an object was closed.\\r\\n\\r\\nSubject :\\r\\n\\tSecurity ID:\\t\\tS-1-5-18\\r\\n\\tAccount Name:\\t\\tDESKTOP-IRQ423N$\\r\\n\\tAccount Domain:\\t\\tWORKGROUP\\r\\n\\tLogon ID:\\t\\t0x3E7\\r\\n\\r\\nObject:\\r\\n\\tObject Server:\\t\\tSecurity\\r\\n\\tHandle ID:\\t\\t0xd5c\\r\\n\\r\\nProcess Information:\\r\\n\\tProcess ID:\\t\\t0x264c\\r\\n\\tProcess Name:\\t\\tC:\\\\Windows\\\\WinSxS\\\\amd64_microsoft-windows-servicingstack_31bf3856ad364e35_10.0.14393.1439_none_7efe016621f50bd0\\\\TiWorker.exe","Category":"Removable Storage","Opcode":"Info","SubjectUserSid":"S-1-5-18","SubjectUserName":"DESKTOP-IRQ423N$","SubjectDomainName":"WORKGROUP","SubjectLogonId":"0x3e7","ObjectServer":"Security","HandleId":"0xd5c","ProcessName":"C:\\\\Windows\\\\WinSxS\\\\amd64_microsoft-windows-servicingstack_31bf3856ad364e35_10.0.14393.1439_none_7efe016621f50bd0\\\\TiWorker.exe","EventReceivedTime":"2017-07-29 03:34:32","SourceModuleName":"eventlog","SourceModuleType":"im_msvistalog"}', 1, 1, 1, '04500001012421620123456312', 1, 3, 210, '', '2017-07-29 12:02:01', 1, '2017-07-29 12:02:01', 4500001, 4500001, '0450000101242319', 'Intrusion', 2040, 4),
('3013313313', 313, 'dev.sacsol.com/312.html', 15, '2017-07-29 10:00:21', '?', '{"EventTime":"2017-07-29 12:00:46","Hostname":"DESKTOP-IRQ423N","Keywords":-9214364837600034816,"EventType":"AUDIT_SUCCESS","SeverityValue":2,"Severity":"INFO","EventID":4658,"SourceName":"Microsoft-Windows-Security-Auditing","ProviderGuid":"{54849625-5478-4994-A5BA-3E3B0328C30D}","Version":0,"Task":12804,"OpcodeValue":0,"RecordNumber":36737439,"ProcessID":4,"ThreadID":10156,"Channel":"Security","Message":"The handle to an object was closed.\\r\\n\\r\\nSubject :\\r\\n\\tSecurity ID:\\t\\tS-1-5-21-61421463-392680996-2733767298-1001\\r\\n\\tAccount Name:\\t\\tdevtst\\r\\n\\tAccount Domain:\\t\\tDESKTOP-IRQ423N\\r\\n\\tLogon ID:\\t\\t0x53E0249\\r\\n\\r\\nObject:\\r\\n\\tObject Server:\\t\\tSecurity Account Manager\\r\\n\\tHandle ID:\\t\\t0x19797472cc0\\r\\n\\r\\nProcess Information:\\r\\n\\tProcess ID:\\t\\t0x2ac\\r\\n\\tProcess Name:\\t\\tC:\\\\Windows\\\\System32\\\\lsass.exe","Category":"Other Object Access Events","Opcode":"Info","SubjectUserSid":"S-1-5-21-61421463-392680996-2733767298-1001","SubjectUserName":"devtst","SubjectDomainName":"DESKTOP-IRQ423N","SubjectLogonId":"0x53e0249","ObjectServer":"Security Account Manager","HandleId":"0x19797472cc0","ProcessName":"C:\\\\Windows\\\\System32\\\\lsass.exe","EventReceivedTime":"2017-07-29 12:00:47","SourceModuleName":"eventlog","SourceModuleType":"im_msvistalog"}', 1, 1, 1, '04500001012421620123456313', 1, 3, 210, '', '2017-07-29 12:02:01', 1, '2017-07-29 12:02:01', 4500001, 4500001, '0450000101242162', 'Intrusion', 2030, 5),
('0123456314', 314, 'dev.sacsol.com/314.html', 15, '2017-07-29 10:03:41', '?', '{"EventTime":"2017-07-29 12:04:06","Hostname":"DESKTOP-IRQ423N","Keywords":-9214364837600034816,"EventType":"AUDIT_SUCCESS","SeverityValue":2,"Severity":"INFO","EventID":4658,"SourceName":"Microsoft-Windows-Security-Auditing","ProviderGuid":"{54849625-5478-4994-A5BA-3E3B0328C30D}","Version":0,"Task":12804,"OpcodeValue":0,"RecordNumber":36738359,"ProcessID":4,"ThreadID":10088,"Channel":"Security","Message":"The handle to an object was closed.\\r\\n\\r\\nSubject :\\r\\n\\tSecurity ID:\\t\\tS-1-5-21-61421463-392680996-2733767298-1001\\r\\n\\tAccount Name:\\t\\tdevtst\\r\\n\\tAccount Domain:\\t\\tDESKTOP-IRQ423N\\r\\n\\tLogon ID:\\t\\t0x53E0249\\r\\n\\r\\nObject:\\r\\n\\tObject Server:\\t\\tSecurity Account Manager\\r\\n\\tHandle ID:\\t\\t0x197974719c0\\r\\n\\r\\nProcess Information:\\r\\n\\tProcess ID:\\t\\t0x2ac\\r\\n\\tProcess Name:\\t\\tC:\\\\Windows\\\\System32\\\\lsass.exe","Category":"Other Object Access Events","Opcode":"Info","SubjectUserSid":"S-1-5-21-61421463-392680996-2733767298-1001","SubjectUserName":"devtst","SubjectDomainName":"DESKTOP-IRQ423N","SubjectLogonId":"0x53e0249","ObjectServer":"Security Account Manager","HandleId":"0x197974719c0","ProcessName":"C:\\\\Windows\\\\System32\\\\lsass.exe","EventReceivedTime":"2017-07-29 12:04:07","SourceModuleName":"eventlog","SourceModuleType":"im_msvistalog"}', 1, 1, 1, '04500001012421620123456314', 1, 3, 210, '', '2017-07-29 12:03:49', 1, '2017-07-29 12:03:49', 4500001, 4500001, '0450000101242313', 'Intrusion', 4020, 3),
('0123456315', 315, 'dev.sacsol.com/315.html', 15, '2017-07-29 10:04:45', '?', '{"EventTime":"2017-07-29 12:05:10","Hostname":"DESKTOP-IRQ423N","Keywords":-9214364837600034816,"EventType":"AUDIT_SUCCESS","SeverityValue":2,"Severity":"INFO","EventID":4658,"SourceName":"Microsoft-Windows-Security-Auditing","ProviderGuid":"{54849625-5478-4994-A5BA-3E3B0328C30D}","Version":0,"Task":12804,"OpcodeValue":0,"RecordNumber":36738682,"ProcessID":4,"ThreadID":10156,"Channel":"Security","Message":"The handle to an object was closed.\\r\\n\\r\\nSubject :\\r\\n\\tSecurity ID:\\t\\tS-1-5-21-61421463-392680996-2733767298-1001\\r\\n\\tAccount Name:\\t\\tdevtst\\r\\n\\tAccount Domain:\\t\\tDESKTOP-IRQ423N\\r\\n\\tLogon ID:\\t\\t0x53E0249\\r\\n\\r\\nObject:\\r\\n\\tObject Server:\\t\\tSecurity Account Manager\\r\\n\\tHandle ID:\\t\\t0x19797472cc0\\r\\n\\r\\nProcess Information:\\r\\n\\tProcess ID:\\t\\t0x2ac\\r\\n\\tProcess Name:\\t\\tC:\\\\Windows\\\\System32\\\\lsass.exe","Category":"Other Object Access Events","Opcode":"Info","SubjectUserSid":"S-1-5-21-61421463-392680996-2733767298-1001","SubjectUserName":"devtst","SubjectDomainName":"DESKTOP-IRQ423N","SubjectLogonId":"0x53e0249","ObjectServer":"Security Account Manager","HandleId":"0x19797472cc0","ProcessName":"C:\\\\Windows\\\\System32\\\\lsass.exe","EventReceivedTime":"2017-07-29 12:05:11","SourceModuleName":"eventlog","SourceModuleType":"im_msvistalog"}', 1, 1, 1, '04500001012421620123456315', 1, 3, 500, '', '2017-07-29 12:04:50', 1, '2017-07-29 12:04:50', 4500001, 4500001, '0450000101242315', 'Un-authorized Access', 2010, 5),
('0123456316', 316, 'dev.sacsol.com/316.html', 12, '2017-07-29 10:07:02', '?', '{"EventTime":"2017-07-29 12:07:28","Hostname":"DESKTOP-IRQ423N","Keywords":-9214364837600034816,"EventType":"AUDIT_SUCCESS","SeverityValue":2,"Severity":"INFO","EventID":4658,"SourceName":"Microsoft-Windows-Security-Auditing","ProviderGuid":"{54849625-5478-4994-A5BA-3E3B0328C30D}","Version":0,"Task":12804,"OpcodeValue":0,"RecordNumber":36739267,"ProcessID":4,"ThreadID":10156,"Channel":"Security","Message":"The handle to an object was closed.\\r\\n\\r\\nSubject :\\r\\n\\tSecurity ID:\\t\\tS-1-5-21-61421463-392680996-2733767298-1001\\r\\n\\tAccount Name:\\t\\tdevtst\\r\\n\\tAccount Domain:\\t\\tDESKTOP-IRQ423N\\r\\n\\tLogon ID:\\t\\t0x53E0249\\r\\n\\r\\nObject:\\r\\n\\tObject Server:\\t\\tSecurity Account Manager\\r\\n\\tHandle ID:\\t\\t0x19797472cc0\\r\\n\\r\\nProcess Information:\\r\\n\\tProcess ID:\\t\\t0x2ac\\r\\n\\tProcess Name:\\t\\tC:\\\\Windows\\\\System32\\\\lsass.exe","Category":"Other Object Access Events","Opcode":"Info","SubjectUserSid":"S-1-5-21-61421463-392680996-2733767298-1001","SubjectUserName":"devtst","SubjectDomainName":"DESKTOP-IRQ423N","SubjectLogonId":"0x53e0249","ObjectServer":"Security Account Manager","HandleId":"0x19797472cc0","ProcessName":"C:\\\\Windows\\\\System32\\\\lsass.exe","EventReceivedTime":"2017-07-29 12:07:28","SourceModuleName":"eventlog","SourceModuleType":"im_msvistalog"}', 1, 1, 1, '04500001012421620123456316', 1, 3, 210, '', '2017-07-29 12:07:10', 1, '2017-07-29 12:07:10', 4500001, 4500001, '0450000101242116', 'Intrusion', 6010, 4),
('0123456789', 317, 'dev.sacsol.com/317.html', 6, '2017-07-29 10:08:06', '?', '{"EventTime":"2017-07-29 12:08:31","Hostname":"DESKTOP-IRQ423N","Keywords":-9214364837600034816,"EventType":"AUDIT_SUCCESS","SeverityValue":2,"Severity":"INFO","EventID":4658,"SourceName":"Microsoft-Windows-Security-Auditing","ProviderGuid":"{54849625-5478-4994-A5BA-3E3B0328C30D}","Version":0,"Task":12804,"OpcodeValue":0,"RecordNumber":36739675,"ProcessID":4,"ThreadID":10156,"Channel":"Security","Message":"The handle to an object was closed.\\r\\n\\r\\nSubject :\\r\\n\\tSecurity ID:\\t\\tS-1-5-21-61421463-392680996-2733767298-1001\\r\\n\\tAccount Name:\\t\\tdevtst\\r\\n\\tAccount Domain:\\t\\tDESKTOP-IRQ423N\\r\\n\\tLogon ID:\\t\\t0x53E0249\\r\\n\\r\\nObject:\\r\\n\\tObject Server:\\t\\tSecurity Account Manager\\r\\n\\tHandle ID:\\t\\t0x19797473180\\r\\n\\r\\nProcess Information:\\r\\n\\tProcess ID:\\t\\t0x2ac\\r\\n\\tProcess Name:\\t\\tC:\\\\Windows\\\\System32\\\\lsass.exe","Category":"Other Object Access Events","Opcode":"Info","SubjectUserSid":"S-1-5-21-61421463-392680996-2733767298-1001","SubjectUserName":"devtst","SubjectDomainName":"DESKTOP-IRQ423N","SubjectLogonId":"0x53e0249","ObjectServer":"Security Account Manager","HandleId":"0x19797473180","ProcessName":"C:\\\\Windows\\\\System32\\\\lsass.exe","EventReceivedTime":"2017-07-29 12:08:32","SourceModuleName":"eventlog","SourceModuleType":"im_msvistalog"}', 1, 1, 1, '04500001012421620123456317', 1, 3, 110, '', '2017-07-29 12:08:10', 1, '2017-07-29 12:08:10', 4500002, 4500001, '0450000101242117', 'Malware Worm', 4030, 2),
('0123456789', 318, 'dev.sacsol.com/318.html', 15, '2017-07-29 10:10:18', '?', '{"EventTime":"2017-07-29 12:10:43","Hostname":"DESKTOP-IRQ423N","Keywords":-9214364837600034816,"EventType":"AUDIT_SUCCESS","SeverityValue":2,"Severity":"INFO","EventID":4658,"SourceName":"Microsoft-Windows-Security-Auditing","ProviderGuid":"{54849625-5478-4994-A5BA-3E3B0328C30D}","Version":0,"Task":12804,"OpcodeValue":0,"RecordNumber":36740131,"ProcessID":4,"ThreadID":2952,"Channel":"Security","Message":"The handle to an object was closed.\\r\\n\\r\\nSubject :\\r\\n\\tSecurity ID:\\t\\tS-1-5-21-61421463-392680996-2733767298-1001\\r\\n\\tAccount Name:\\t\\tdevtst\\r\\n\\tAccount Domain:\\t\\tDESKTOP-IRQ423N\\r\\n\\tLogon ID:\\t\\t0x53E0249\\r\\n\\r\\nObject:\\r\\n\\tObject Server:\\t\\tSecurity Account Manager\\r\\n\\tHandle ID:\\t\\t0x19797473180\\r\\n\\r\\nProcess Information:\\r\\n\\tProcess ID:\\t\\t0x2ac\\r\\n\\tProcess Name:\\t\\tC:\\\\Windows\\\\System32\\\\lsass.exe","Category":"Other Object Access Events","Opcode":"Info","SubjectUserSid":"S-1-5-21-61421463-392680996-2733767298-1001","SubjectUserName":"devtst","SubjectDomainName":"DESKTOP-IRQ423N","SubjectLogonId":"0x53e0249","ObjectServer":"Security Account Manager","HandleId":"0x19797473180","ProcessName":"C:\\\\Windows\\\\System32\\\\lsass.exe","EventReceivedTime":"2017-07-29 12:10:44","SourceModuleName":"eventlog","SourceModuleType":"im_msvistalog"}', 1, 1, 1, '04500001012421620123456318', 1, 3, 500, '', '2017-07-29 12:10:30', 1, '2017-07-29 12:10:30', 4500003, 4500001, '0450000101242118', 'Un-authorized Access', 2000, 5),
('0123456789', 319, 'dev.sacsol.com/318.html', 15, '2017-07-29 10:11:22', '?', '{"EventTime":"2017-07-29 12:11:47","Hostname":"DESKTOP-IRQ423N","Keywords":-9214364837600034816,"EventType":"AUDIT_SUCCESS","SeverityValue":2,"Severity":"INFO","EventID":4658,"SourceName":"Microsoft-Windows-Security-Auditing","ProviderGuid":"{54849625-5478-4994-A5BA-3E3B0328C30D}","Version":0,"Task":12804,"OpcodeValue":0,"RecordNumber":36740539,"ProcessID":4,"ThreadID":5756,"Channel":"Security","Message":"The handle to an object was closed.\\r\\n\\r\\nSubject :\\r\\n\\tSecurity ID:\\t\\tS-1-5-21-61421463-392680996-2733767298-1001\\r\\n\\tAccount Name:\\t\\tdevtst\\r\\n\\tAccount Domain:\\t\\tDESKTOP-IRQ423N\\r\\n\\tLogon ID:\\t\\t0x53E0249\\r\\n\\r\\nObject:\\r\\n\\tObject Server:\\t\\tSecurity Account Manager\\r\\n\\tHandle ID:\\t\\t0x197974719c0\\r\\n\\r\\nProcess Information:\\r\\n\\tProcess ID:\\t\\t0x2ac\\r\\n\\tProcess Name:\\t\\tC:\\\\Windows\\\\System32\\\\lsass.exe","Category":"Other Object Access Events","Opcode":"Info","SubjectUserSid":"S-1-5-21-61421463-392680996-2733767298-1001","SubjectUserName":"devtst","SubjectDomainName":"DESKTOP-IRQ423N","SubjectLogonId":"0x53e0249","ObjectServer":"Security Account Manager","HandleId":"0x197974719c0","ProcessName":"C:\\\\Windows\\\\System32\\\\lsass.exe","EventReceivedTime":"2017-07-29 12:11:48","SourceModuleName":"eventlog","SourceModuleType":"im_msvistalog"}', 1, 1, 1, '04500001012421620123456319', 1, 3, 700, '', '2017-07-29 12:11:30', 1, '2017-07-29 12:11:30', 4500004, 4500001, '0450000101242119', 'Data Breach', 1030, 5),
('0123456789', 320, 'dev.sacsol.com/318.html', 10, '2017-07-29 10:13:35', '?', '{"EventTime":"2017-07-29 12:14:00","Hostname":"DESKTOP-IRQ423N","Keywords":-9214364837600034816,"EventType":"AUDIT_SUCCESS","SeverityValue":2,"Severity":"INFO","EventID":4658,"SourceName":"Microsoft-Windows-Security-Auditing","ProviderGuid":"{54849625-5478-4994-A5BA-3E3B0328C30D}","Version":0,"Task":12804,"OpcodeValue":0,"RecordNumber":36741007,"ProcessID":4,"ThreadID":10088,"Channel":"Security","Message":"The handle to an object was closed.\\r\\n\\r\\nSubject :\\r\\n\\tSecurity ID:\\t\\tS-1-5-21-61421463-392680996-2733767298-1001\\r\\n\\tAccount Name:\\t\\tdevtst\\r\\n\\tAccount Domain:\\t\\tDESKTOP-IRQ423N\\r\\n\\tLogon ID:\\t\\t0x53E0249\\r\\n\\r\\nObject:\\r\\n\\tObject Server:\\t\\tSecurity Account Manager\\r\\n\\tHandle ID:\\t\\t0x197974719c0\\r\\n\\r\\nProcess Information:\\r\\n\\tProcess ID:\\t\\t0x2ac\\r\\n\\tProcess Name:\\t\\tC:\\\\Windows\\\\System32\\\\lsass.exe","Category":"Other Object Access Events","Opcode":"Info","SubjectUserSid":"S-1-5-21-61421463-392680996-2733767298-1001","SubjectUserName":"devtst","SubjectDomainName":"DESKTOP-IRQ423N","SubjectLogonId":"0x53e0249","ObjectServer":"Security Account Manager","HandleId":"0x197974719c0","ProcessName":"C:\\\\Windows\\\\System32\\\\lsass.exe","EventReceivedTime":"2017-07-29 12:14:01","SourceModuleName":"eventlog","SourceModuleType":"im_msvistalog"}', 1, 1, 1, '04500001012421620123456320', 1, 2, 600, '', '2017-07-29 12:13:50', 1, '2017-07-29 12:13:50', 4500005, 4500001, '0450000101242120', 'System Availability', 2010, 5),
('0123456789', 321, 'dev.sacsol.com/318.html', 10, '2017-07-29 10:14:38', '?', '{"EventTime":"2017-07-29 12:15:03","Hostname":"DESKTOP-IRQ423N","Keywords":-9214364837600034816,"EventType":"AUDIT_SUCCESS","SeverityValue":2,"Severity":"INFO","EventID":4658,"SourceName":"Microsoft-Windows-Security-Auditing","ProviderGuid":"{54849625-5478-4994-A5BA-3E3B0328C30D}","Version":0,"Task":12804,"OpcodeValue":0,"RecordNumber":36741421,"ProcessID":4,"ThreadID":10088,"Channel":"Security","Message":"The handle to an object was closed.\\r\\n\\r\\nSubject :\\r\\n\\tSecurity ID:\\t\\tS-1-5-21-61421463-392680996-2733767298-1001\\r\\n\\tAccount Name:\\t\\tdevtst\\r\\n\\tAccount Domain:\\t\\tDESKTOP-IRQ423N\\r\\n\\tLogon ID:\\t\\t0x53E0249\\r\\n\\r\\nObject:\\r\\n\\tObject Server:\\t\\tSecurity Account Manager\\r\\n\\tHandle ID:\\t\\t0x19797473180\\r\\n\\r\\nProcess Information:\\r\\n\\tProcess ID:\\t\\t0x2ac\\r\\n\\tProcess Name:\\t\\tC:\\\\Windows\\\\System32\\\\lsass.exe","Category":"Other Object Access Events","Opcode":"Info","SubjectUserSid":"S-1-5-21-61421463-392680996-2733767298-1001","SubjectUserName":"devtst","SubjectDomainName":"DESKTOP-IRQ423N","SubjectLogonId":"0x53e0249","ObjectServer":"Security Account Manager","HandleId":"0x19797473180","ProcessName":"C:\\\\Windows\\\\System32\\\\lsass.exe","EventReceivedTime":"2017-07-29 12:15:04","SourceModuleName":"eventlog","SourceModuleType":"im_msvistalog"}', 1, 1, 1, '04500001012421620123456321', 1, 2, 110, '', '2017-07-29 12:14:50', 1, '2017-07-29 12:14:50', 4500006, 4500002, '0450000101242121', 'Malware Worm', 2010, 5),
('0123456322', 322, 'dev.sacsol.com/318.html', 8, '2017-07-29 10:17:14', '?', '{"EventTime":"2017-07-29 12:17:39","Hostname":"DESKTOP-IRQ423N","Keywords":-9214364837600034816,"EventType":"AUDIT_SUCCESS","SeverityValue":2,"Severity":"INFO","EventID":4658,"SourceName":"Microsoft-Windows-Security-Auditing","ProviderGuid":"{54849625-5478-4994-A5BA-3E3B0328C30D}","Version":0,"Task":12804,"OpcodeValue":0,"RecordNumber":36742000,"ProcessID":4,"ThreadID":7244,"Channel":"Security","Message":"The handle to an object was closed.\\r\\n\\r\\nSubject :\\r\\n\\tSecurity ID:\\t\\tS-1-5-21-61421463-392680996-2733767298-1001\\r\\n\\tAccount Name:\\t\\tdevtst\\r\\n\\tAccount Domain:\\t\\tDESKTOP-IRQ423N\\r\\n\\tLogon ID:\\t\\t0x53E0249\\r\\n\\r\\nObject:\\r\\n\\tObject Server:\\t\\tSecurity Account Manager\\r\\n\\tHandle ID:\\t\\t0x197974719c0\\r\\n\\r\\nProcess Information:\\r\\n\\tProcess ID:\\t\\t0x2ac\\r\\n\\tProcess Name:\\t\\tC:\\\\Windows\\\\System32\\\\lsass.exe","Category":"Other Object Access Events","Opcode":"Info","SubjectUserSid":"S-1-5-21-61421463-392680996-2733767298-1001","SubjectUserName":"devtst","SubjectDomainName":"DESKTOP-IRQ423N","SubjectLogonId":"0x53e0249","ObjectServer":"Security Account Manager","HandleId":"0x197974719c0","ProcessName":"C:\\\\Windows\\\\System32\\\\lsass.exe","EventReceivedTime":"2017-07-29 12:17:40","SourceModuleName":"eventlog","SourceModuleType":"im_msvistalog"}', 1, 1, 1, '04500001012421620123456322', 1, 2, 110, '', '2017-07-29 12:18:00', 1, '2017-07-29 12:18:00', 4500007, 4500002, '0450000101242122', 'Malware Worm', 6010, 4),
('0123456323', 323, 'dev.sacsol.com/318.html', 10, '2017-07-29 10:20:11', '?', '{"EventTime":"2017-07-29 12:20:37","Hostname":"DESKTOP-IRQ423N","Keywords":-9214364837600034816,"EventType":"AUDIT_SUCCESS","SeverityValue":2,"Severity":"INFO","EventID":4658,"SourceName":"Microsoft-Windows-Security-Auditing","ProviderGuid":"{54849625-5478-4994-A5BA-3E3B0328C30D}","Version":0,"Task":12804,"OpcodeValue":0,"RecordNumber":36742895,"ProcessID":4,"ThreadID":2512,"Channel":"Security","Message":"The handle to an object was closed.\\r\\n\\r\\nSubject :\\r\\n\\tSecurity ID:\\t\\tS-1-5-21-61421463-392680996-2733767298-1001\\r\\n\\tAccount Name:\\t\\tdevtst\\r\\n\\tAccount Domain:\\t\\tDESKTOP-IRQ423N\\r\\n\\tLogon ID:\\t\\t0x53E0249\\r\\n\\r\\nObject:\\r\\n\\tObject Server:\\t\\tSecurity Account Manager\\r\\n\\tHandle ID:\\t\\t0x19797473fc0\\r\\n\\r\\nProcess Information:\\r\\n\\tProcess ID:\\t\\t0x2ac\\r\\n\\tProcess Name:\\t\\tC:\\\\Windows\\\\System32\\\\lsass.exe","Category":"Other Object Access Events","Opcode":"Info","SubjectUserSid":"S-1-5-21-61421463-392680996-2733767298-1001","SubjectUserName":"devtst","SubjectDomainName":"DESKTOP-IRQ423N","SubjectLogonId":"0x53e0249","ObjectServer":"Security Account Manager","HandleId":"0x19797473fc0","ProcessName":"C:\\\\Windows\\\\System32\\\\lsass.exe","EventReceivedTime":"2017-07-29 12:20:37","SourceModuleName":"eventlog","SourceModuleType":"im_msvistalog"}', 1, 1, 1, '04500001012421620123456323', 1, 2, 130, '', '2017-07-29 12:20:21', 1, '2017-07-29 12:20:21', 4500008, 4500002, '0450000101242123', 'Ransomware', 6010, 5),
('0123456324', 324, 'dev.sacsol.com/318.html', 8, '2017-07-29 10:21:15', '?', '{"EventTime":"2017-07-29 12:21:40","Hostname":"DESKTOP-IRQ423N","Keywords":-9214364837600034816,"EventType":"AUDIT_SUCCESS","SeverityValue":2,"Severity":"INFO","EventID":4658,"SourceName":"Microsoft-Windows-Security-Auditing","ProviderGuid":"{54849625-5478-4994-A5BA-3E3B0328C30D}","Version":0,"Task":12804,"OpcodeValue":0,"RecordNumber":36743256,"ProcessID":4,"ThreadID":2512,"Channel":"Security","Message":"The handle to an object was closed.\\r\\n\\r\\nSubject :\\r\\n\\tSecurity ID:\\t\\tS-1-5-21-61421463-392680996-2733767298-1001\\r\\n\\tAccount Name:\\t\\tdevtst\\r\\n\\tAccount Domain:\\t\\tDESKTOP-IRQ423N\\r\\n\\tLogon ID:\\t\\t0x53E0249\\r\\n\\r\\nObject:\\r\\n\\tObject Server:\\t\\tSecurity Account Manager\\r\\n\\tHandle ID:\\t\\t0x19797473180\\r\\n\\r\\nProcess Information:\\r\\n\\tProcess ID:\\t\\t0x2ac\\r\\n\\tProcess Name:\\t\\tC:\\\\Windows\\\\System32\\\\lsass.exe","Category":"Other Object Access Events","Opcode":"Info","SubjectUserSid":"S-1-5-21-61421463-392680996-2733767298-1001","SubjectUserName":"devtst","SubjectDomainName":"DESKTOP-IRQ423N","SubjectLogonId":"0x53e0249","ObjectServer":"Security Account Manager","HandleId":"0x19797473180","ProcessName":"C:\\\\Windows\\\\System32\\\\lsass.exe","EventReceivedTime":"2017-07-29 12:21:41","SourceModuleName":"eventlog","SourceModuleType":"im_msvistalog"}', 1, 1, 1, '04500001012421620123456324', 1, 2, 140, '', '2017-07-29 12:21:22', 1, '2017-07-29 12:21:22', 4500009, 4500002, '0450000101242124', 'Malware Trojan', 2010, 4),
('0123450325', 325, 'dev.sacsol.com/318.html', 8, '2017-07-29 10:23:21', '?', '{"EventTime":"2017-07-29 12:23:46","Hostname":"DESKTOP-IRQ423N","Keywords":-9214364837600034816,"EventType":"AUDIT_SUCCESS","SeverityValue":2,"Severity":"INFO","EventID":4658,"SourceName":"Microsoft-Windows-Security-Auditing","ProviderGuid":"{54849625-5478-4994-A5BA-3E3B0328C30D}","Version":0,"Task":12804,"OpcodeValue":0,"RecordNumber":36743740,"ProcessID":4,"ThreadID":10156,"Channel":"Security","Message":"The handle to an object was closed.\\r\\n\\r\\nSubject :\\r\\n\\tSecurity ID:\\t\\tS-1-5-21-61421463-392680996-2733767298-1001\\r\\n\\tAccount Name:\\t\\tdevtst\\r\\n\\tAccount Domain:\\t\\tDESKTOP-IRQ423N\\r\\n\\tLogon ID:\\t\\t0x53E0249\\r\\n\\r\\nObject:\\r\\n\\tObject Server:\\t\\tSecurity Account Manager\\r\\n\\tHandle ID:\\t\\t0x19797473fc0\\r\\n\\r\\nProcess Information:\\r\\n\\tProcess ID:\\t\\t0x2ac\\r\\n\\tProcess Name:\\t\\tC:\\\\Windows\\\\System32\\\\lsass.exe","Category":"Other Object Access Events","Opcode":"Info","SubjectUserSid":"S-1-5-21-61421463-392680996-2733767298-1001","SubjectUserName":"devtst","SubjectDomainName":"DESKTOP-IRQ423N","SubjectLogonId":"0x53e0249","ObjectServer":"Security Account Manager","HandleId":"0x19797473fc0","ProcessName":"C:\\\\Windows\\\\System32\\\\lsass.exe","EventReceivedTime":"2017-07-29 12:23:47","SourceModuleName":"eventlog","SourceModuleType":"im_msvistalog"}', 1, 1, 1, '04500001012421620123456325', 1, 2, 910, '', '2017-07-29 12:23:47', 1, '2017-07-29 12:23:47', 4500010, 4500002, '0450000101242162', 'Intrusion unpriv', 2010, 4),
('0123456326', 326, 'dev.sacsol.com/326.html', 6, '2017-07-29 10:24:24', '?', '{"EventTime":"2017-07-29 12:24:49","Hostname":"DESKTOP-IRQ423N","Keywords":-9214364837600034816,"EventType":"AUDIT_SUCCESS","SeverityValue":2,"Severity":"INFO","EventID":4658,"SourceName":"Microsoft-Windows-Security-Auditing","ProviderGuid":"{54849625-5478-4994-A5BA-3E3B0328C30D}","Version":0,"Task":12804,"OpcodeValue":0,"RecordNumber":36744147,"ProcessID":4,"ThreadID":10088,"Channel":"Security","Message":"The handle to an object was closed.\\r\\n\\r\\nSubject :\\r\\n\\tSecurity ID:\\t\\tS-1-5-21-61421463-392680996-2733767298-1001\\r\\n\\tAccount Name:\\t\\tdevtst\\r\\n\\tAccount Domain:\\t\\tDESKTOP-IRQ423N\\r\\n\\tLogon ID:\\t\\t0x53E0249\\r\\n\\r\\nObject:\\r\\n\\tObject Server:\\t\\tSecurity Account Manager\\r\\n\\tHandle ID:\\t\\t0x19797473180\\r\\n\\r\\nProcess Information:\\r\\n\\tProcess ID:\\t\\t0x2ac\\r\\n\\tProcess Name:\\t\\tC:\\\\Windows\\\\System32\\\\lsass.exe","Category":"Other Object Access Events","Opcode":"Info","SubjectUserSid":"S-1-5-21-61421463-392680996-2733767298-1001","SubjectUserName":"devtst","SubjectDomainName":"DESKTOP-IRQ423N","SubjectLogonId":"0x53e0249","ObjectServer":"Security Account Manager","HandleId":"0x19797473180","ProcessName":"C:\\\\Windows\\\\System32\\\\lsass.exe","EventReceivedTime":"2017-07-29 12:24:50","SourceModuleName":"eventlog","SourceModuleType":"im_msvistalog"}', 1, 1, 1, '04500001012421620123456326', 1, 2, 700, '', '2017-07-29 12:24:41', 1, '2017-07-29 12:24:41', 4500011, 4500002, '0450000101242126', 'Data Breach', 4010, 3),
('0123456327', 327, 'dev.sacsol.com/318.html', 4, '2017-07-29 10:26:21', '?', '{"EventTime":"2017-07-29 12:26:46","Hostname":"DESKTOP-IRQ423N","Keywords":-9214364837600034816,"EventType":"AUDIT_SUCCESS","SeverityValue":2,"Severity":"INFO","EventID":4658,"SourceName":"Microsoft-Windows-Security-Auditing","ProviderGuid":"{54849625-5478-4994-A5BA-3E3B0328C30D}","Version":0,"Task":12804,"OpcodeValue":0,"RecordNumber":36744634,"ProcessID":4,"ThreadID":7244,"Channel":"Security","Message":"The handle to an object was closed.\\r\\n\\r\\nSubject :\\r\\n\\tSecurity ID:\\t\\tS-1-5-21-61421463-392680996-2733767298-1001\\r\\n\\tAccount Name:\\t\\tdevtst\\r\\n\\tAccount Domain:\\t\\tDESKTOP-IRQ423N\\r\\n\\tLogon ID:\\t\\t0x53E0249\\r\\n\\r\\nObject:\\r\\n\\tObject Server:\\t\\tSecurity Account Manager\\r\\n\\tHandle ID:\\t\\t0x19797473fc0\\r\\n\\r\\nProcess Information:\\r\\n\\tProcess ID:\\t\\t0x2ac\\r\\n\\tProcess Name:\\t\\tC:\\\\Windows\\\\System32\\\\lsass.exe","Category":"Other Object Access Events","Opcode":"Info","SubjectUserSid":"S-1-5-21-61421463-392680996-2733767298-1001","SubjectUserName":"devtst","SubjectDomainName":"DESKTOP-IRQ423N","SubjectLogonId":"0x53e0249","ObjectServer":"Security Account Manager","HandleId":"0x19797473fc0","ProcessName":"C:\\\\Windows\\\\System32\\\\lsass.exe","EventReceivedTime":"2017-07-29 12:26:47","SourceModuleName":"eventlog","SourceModuleType":"im_msvistalog"}', 1, 1, 1, '04500001012421620123456327', 1, 1, 910, '', '2017-07-29 12:26:42', 1, '2017-07-29 12:26:42', 4500002, 4500002, '0450000101242127', 'Intrusion unpriv', 4010, 4),
('0123456328', 328, 'dev.sacsol.com/328.html', 5, '2017-07-29 10:29:13', '?', '{"EventTime":"2017-07-29 12:29:37","Hostname":"DESKTOP-IRQ423N","Keywords":-9214364837600034816,"EventType":"AUDIT_SUCCESS","SeverityValue":2,"Severity":"INFO","EventID":4658,"SourceName":"Microsoft-Windows-Security-Auditing","ProviderGuid":"{54849625-5478-4994-A5BA-3E3B0328C30D}","Version":0,"Task":12804,"OpcodeValue":0,"RecordNumber":36745491,"ProcessID":4,"ThreadID":9528,"Channel":"Security","Message":"The handle to an object was closed.\\r\\n\\r\\nSubject :\\r\\n\\tSecurity ID:\\t\\tS-1-5-21-61421463-392680996-2733767298-1001\\r\\n\\tAccount Name:\\t\\tdevtst\\r\\n\\tAccount Domain:\\t\\tDESKTOP-IRQ423N\\r\\n\\tLogon ID:\\t\\t0x53E0249\\r\\n\\r\\nObject:\\r\\n\\tObject Server:\\t\\tSecurity Account Manager\\r\\n\\tHandle ID:\\t\\t0x19797473180\\r\\n\\r\\nProcess Information:\\r\\n\\tProcess ID:\\t\\t0x2ac\\r\\n\\tProcess Name:\\t\\tC:\\\\Windows\\\\System32\\\\lsass.exe","Category":"Other Object Access Events","Opcode":"Info","SubjectUserSid":"S-1-5-21-61421463-392680996-2733767298-1001","SubjectUserName":"devtst","SubjectDomainName":"DESKTOP-IRQ423N","SubjectLogonId":"0x53e0249","ObjectServer":"Security Account Manager","HandleId":"0x19797473180","ProcessName":"C:\\\\Windows\\\\System32\\\\lsass.exe","EventReceivedTime":"2017-07-29 12:29:39","SourceModuleName":"eventlog","SourceModuleType":"im_msvistalog"}', 1, 1, 1, '04500001012421620123456789', 1, 1, 210, '', '2017-08-16 12:29:28', 1, '2017-07-29 12:29:28', 4500005, 4500002, '0450000101242162', 'Intrusion', 2010, 5),
('0100000329', 329, 'nautilus10.sacsol.com/329.html', 1, '2017-07-29 10:30:15', '?', '{"EventTime":"2017-07-29 12:30:41","Hostname":"DESKTOP-IRQ423N","Keywords":-9214364837600034816,"EventType":"AUDIT_SUCCESS","SeverityValue":2,"Severity":"INFO","EventID":4658,"SourceName":"Microsoft-Windows-Security-Auditing","ProviderGuid":"{54849625-5478-4994-A5BA-3E3B0328C30D}","Version":0,"Task":12804,"OpcodeValue":0,"RecordNumber":36745805,"ProcessID":4,"ThreadID":8200,"Channel":"Security","Message":"The handle to an object was closed.\\r\\n\\r\\nSubject :\\r\\n\\tSecurity ID:\\t\\tS-1-5-21-61421463-392680996-2733767298-1001\\r\\n\\tAccount Name:\\t\\tdevtst\\r\\n\\tAccount Domain:\\t\\tDESKTOP-IRQ423N\\r\\n\\tLogon ID:\\t\\t0x53E0249\\r\\n\\r\\nObject:\\r\\n\\tObject Server:\\t\\tSecurity Account Manager\\r\\n\\tHandle ID:\\t\\t0x19797472cc0\\r\\n\\r\\nProcess Information:\\r\\n\\tProcess ID:\\t\\t0x2ac\\r\\n\\tProcess Name:\\t\\tC:\\\\Windows\\\\System32\\\\lsass.exe","Category":"Other Object Access Events","Opcode":"Info","SubjectUserSid":"S-1-5-21-61421463-392680996-2733767298-1001","SubjectUserName":"devtst","SubjectDomainName":"DESKTOP-IRQ423N","SubjectLogonId":"0x53e0249","ObjectServer":"Security Account Manager","HandleId":"0x19797472cc0","ProcessName":"C:\\\\Windows\\\\System32\\\\lsass.exe","EventReceivedTime":"2017-07-29 12:30:41","SourceModuleName":"eventlog","SourceModuleType":"im_msvistalog"}', 1, 1, 1, '04500001012421620123456329', 1, 1, 210, '', '2017-08-16 12:30:21', 1, '2017-07-29 12:30:21', 4500001, 4500001, '0450000101242158', 'Intrusion', 2010, 1),
('0123456330', 330, 'nautilus10.sacsol.com/330.html', 12, '2017-07-29 10:31:16', '?', '{"EventTime":"2017-07-29 12:31:41","Hostname":"DESKTOP-IRQ423N","Keywords":-9214364837600034816,"EventType":"AUDIT_SUCCESS","SeverityValue":2,"Severity":"INFO","EventID":4658,"SourceName":"Microsoft-Windows-Security-Auditing","ProviderGuid":"{54849625-5478-4994-A5BA-3E3B0328C30D}","Version":0,"Task":12812,"OpcodeValue":0,"RecordNumber":36745968,"ProcessID":4,"ThreadID":7244,"Channel":"Security","Message":"The handle to an object was closed.\\r\\n\\r\\nSubject :\\r\\n\\tSecurity ID:\\t\\tS-1-5-18\\r\\n\\tAccount Name:\\t\\tDESKTOP-IRQ423N$\\r\\n\\tAccount Domain:\\t\\tWORKGROUP\\r\\n\\tLogon ID:\\t\\t0x3E7\\r\\n\\r\\nObject:\\r\\n\\tObject Server:\\t\\tSecurity\\r\\n\\tHandle ID:\\t\\t0xed0\\r\\n\\r\\nProcess Information:\\r\\n\\tProcess ID:\\t\\t0xdb8\\r\\n\\tProcess Name:\\t\\tC:\\\\Program Files (x86)\\\\F-Secure\\\\Common\\\\FSHDLL32.EXE","Category":"Removable Storage","Opcode":"Info","SubjectUserSid":"S-1-5-18","SubjectUserName":"DESKTOP-IRQ423N$","SubjectDomainName":"WORKGROUP","SubjectLogonId":"0x3e7","ObjectServer":"Security","HandleId":"0xed0","ProcessName":"C:\\\\Program Files (x86)\\\\F-Secure\\\\Common\\\\FSHDLL32.EXE","EventReceivedTime":"2017-07-29 12:31:42","SourceModuleName":"eventlog","SourceModuleType":"im_msvistalog"}', 1, 1, 1, '04500001012421620123456330', 1, 3, 110, '', '2017-07-29 12:31:21', 1, '2017-07-29 12:31:21', 4500001, 4500002, '0450000101246339', 'Malware Worm', 6010, 2),
('0123456331', 331, 'nautilus10.sacsol.com/331.html', 12, '2017-07-29 10:32:27', '?', '{"EventTime":"2017-07-29 12:32:52","Hostname":"DESKTOP-IRQ423N","Keywords":-9214364837600034816,"EventType":"AUDIT_SUCCESS","SeverityValue":2,"Severity":"INFO","EventID":4658,"SourceName":"Microsoft-Windows-Security-Auditing","ProviderGuid":"{54849625-5478-4994-A5BA-3E3B0328C30D}","Version":0,"Task":12804,"OpcodeValue":0,"RecordNumber":36746405,"ProcessID":4,"ThreadID":8200,"Channel":"Security","Message":"The handle to an object was closed.\\r\\n\\r\\nSubject :\\r\\n\\tSecurity ID:\\t\\tS-1-5-21-61421463-392680996-2733767298-1001\\r\\n\\tAccount Name:\\t\\tdevtst\\r\\n\\tAccount Domain:\\t\\tDESKTOP-IRQ423N\\r\\n\\tLogon ID:\\t\\t0x53E0249\\r\\n\\r\\nObject:\\r\\n\\tObject Server:\\t\\tSecurity Account Manager\\r\\n\\tHandle ID:\\t\\t0x19797473180\\r\\n\\r\\nProcess Information:\\r\\n\\tProcess ID:\\t\\t0x2ac\\r\\n\\tProcess Name:\\t\\tC:\\\\Windows\\\\System32\\\\lsass.exe","Category":"Other Object Access Events","Opcode":"Info","SubjectUserSid":"S-1-5-21-61421463-392680996-2733767298-1001","SubjectUserName":"devtst","SubjectDomainName":"DESKTOP-IRQ423N","SubjectLogonId":"0x53e0249","ObjectServer":"Security Account Manager","HandleId":"0x19797473180","ProcessName":"C:\\\\Windows\\\\System32\\\\lsass.exe","EventReceivedTime":"2017-07-29 12:32:53","SourceModuleName":"eventlog","SourceModuleType":"im_msvistalog"}', 1, 1, 1, '04500001012421620123456331', 1, 3, 700, '', '2017-07-29 12:32:41', 1, '2017-07-29 12:32:41', 4500001, 4500001, '0450000101246331', 'Intrusion', 5010, 4),
('0123451324', 1324, 'nautilus10.sacsol.com/1324.html', 10, '2017-07-30 13:27:49', '?', '{"EventTime":"2017-07-30 15:27:51","Hostname":"DESKTOP-IRQ423N","Keywords":-9214364837600034816,"EventType":"AUDIT_SUCCESS","SeverityValue":2,"Severity":"INFO","EventID":4658,"SourceName":"Microsoft-Windows-Security-Auditing","ProviderGuid":"{54849625-5478-4994-A5BA-3E3B0328C30D}","Version":0,"Task":12804,"OpcodeValue":0,"RecordNumber":37202528,"ProcessID":4,"ThreadID":5888,"Channel":"Security","Message":"The handle to an object was closed.\\r\\n\\r\\nSubject :\\r\\n\\tSecurity ID:\\t\\tS-1-5-21-61421463-392680996-2733767298-1001\\r\\n\\tAccount Name:\\t\\tdevtst\\r\\n\\tAccount Domain:\\t\\tDESKTOP-IRQ423N\\r\\n\\tLogon ID:\\t\\t0x53E0249\\r\\n\\r\\nObject:\\r\\n\\tObject Server:\\t\\tSecurity Account Manager\\r\\n\\tHandle ID:\\t\\t0x19797472cc0\\r\\n\\r\\nProcess Information:\\r\\n\\tProcess ID:\\t\\t0x2ac\\r\\n\\tProcess Name:\\t\\tC:\\\\Windows\\\\System32\\\\lsass.exe","Category":"Other Object Access Events","Opcode":"Info","SubjectUserSid":"S-1-5-21-61421463-392680996-2733767298-1001","SubjectUserName":"devtst","SubjectDomainName":"DESKTOP-IRQ423N","SubjectLogonId":"0x53e0249","ObjectServer":"Security Account Manager","HandleId":"0x19797472cc0","ProcessName":"C:\\\\Windows\\\\System32\\\\lsass.exe","EventReceivedTime":"2017-07-30 15:27:52","SourceModuleName":"eventlog","SourceModuleType":"im_msvistalog"}', 1, 1, 1, '04500001012421620123451325', 1, 3, 210, '', '2017-08-02 11:52:54', 1, '2017-08-02 11:52:54', 4500010, 4500001, '0450000101241325', 'Give you hell', 2010, 2),
('0123451325', 1325, 'nautilus10.sacsol.com/1325.html', 15, '2017-07-30 13:28:52', '?', '{"EventTime":"2017-07-30 15:28:54","Hostname":"DESKTOP-IRQ423N","Keywords":-9214364837600034816,"EventType":"AUDIT_SUCCESS","SeverityValue":2,"Severity":"INFO","EventID":4658,"SourceName":"Microsoft-Windows-Security-Auditing","ProviderGuid":"{54849625-5478-4994-A5BA-3E3B0328C30D}","Version":0,"Task":12804,"OpcodeValue":0,"RecordNumber":37202871,"ProcessID":4,"ThreadID":5888,"Channel":"Security","Message":"The handle to an object was closed.\\r\\n\\r\\nSubject :\\r\\n\\tSecurity ID:\\t\\tS-1-5-21-61421463-392680996-2733767298-1001\\r\\n\\tAccount Name:\\t\\tdevtst\\r\\n\\tAccount Domain:\\t\\tDESKTOP-IRQ423N\\r\\n\\tLogon ID:\\t\\t0x53E0249\\r\\n\\r\\nObject:\\r\\n\\tObject Server:\\t\\tSecurity Account Manager\\r\\n\\tHandle ID:\\t\\t0x19797472cc0\\r\\n\\r\\nProcess Information:\\r\\n\\tProcess ID:\\t\\t0x2ac\\r\\n\\tProcess Name:\\t\\tC:\\\\Windows\\\\System32\\\\lsass.exe","Category":"Other Object Access Events","Opcode":"Info","SubjectUserSid":"S-1-5-21-61421463-392680996-2733767298-1001","SubjectUserName":"devtst","SubjectDomainName":"DESKTOP-IRQ423N","SubjectLogonId":"0x53e0249","ObjectServer":"Security Account Manager","HandleId":"0x19797472cc0","ProcessName":"C:\\\\Windows\\\\System32\\\\lsass.exe","EventReceivedTime":"2017-07-30 15:28:55","SourceModuleName":"eventlog","SourceModuleType":"im_msvistalog"}', 1, 1, 1, '04500001012421620123456789', 1, 3, 700, '', '2017-08-02 11:52:55', 1, '2017-08-02 11:52:55', 4500001, 4500003, '0450000101242089', 'Hert beat', 1030, 5),
('0013261326', 1326, 'nautilus10.sacsol.com/1326.html', 8, '2017-07-30 13:31:20', '?', '{"EventTime":"2017-07-30 15:31:22","Hostname":"DESKTOP-IRQ423N","Keywords":-9214364837600034816,"EventType":"AUDIT_SUCCESS","SeverityValue":2,"Severity":"INFO","EventID":4658,"SourceName":"Microsoft-Windows-Security-Auditing","ProviderGuid":"{54849625-5478-4994-A5BA-3E3B0328C30D}","Version":0,"Task":12804,"OpcodeValue":0,"RecordNumber":37203433,"ProcessID":4,"ThreadID":5888,"Channel":"Security","Message":"The handle to an object was closed.\\r\\n\\r\\nSubject :\\r\\n\\tSecurity ID:\\t\\tS-1-5-21-61421463-392680996-2733767298-1001\\r\\n\\tAccount Name:\\t\\tdevtst\\r\\n\\tAccount Domain:\\t\\tDESKTOP-IRQ423N\\r\\n\\tLogon ID:\\t\\t0x53E0249\\r\\n\\r\\nObject:\\r\\n\\tObject Server:\\t\\tSecurity Account Manager\\r\\n\\tHandle ID:\\t\\t0x19797473180\\r\\n\\r\\nProcess Information:\\r\\n\\tProcess ID:\\t\\t0x2ac\\r\\n\\tProcess Name:\\t\\tC:\\\\Windows\\\\System32\\\\lsass.exe","Category":"Other Object Access Events","Opcode":"Info","SubjectUserSid":"S-1-5-21-61421463-392680996-2733767298-1001","SubjectUserName":"devtst","SubjectDomainName":"DESKTOP-IRQ423N","SubjectLogonId":"0x53e0249","ObjectServer":"Security Account Manager","HandleId":"0x19797473180","ProcessName":"C:\\\\Windows\\\\System32\\\\lsass.exe","EventReceivedTime":"2017-07-30 15:31:23","SourceModuleName":"eventlog","SourceModuleType":"im_msvistalog"}', 1, 1, 1, '04500001012421620123451326', 1, 2, 110, '', '2017-08-02 11:52:55', 1, '2017-08-02 11:52:55', 4500001, 4500002, '0450000101242126', 'Sucker for patching', 2000, 5),
('0123456789', 1377, 'nautilus10.sacsol.com/1377.html', 12, '2017-07-30 14:57:09', '?', '{"EventTime":"2017-07-30 16:55:29","Hostname":"DESKTOP-IRQ423N","Keywords":-9214364837600034816,"EventType":"AUDIT_SUCCESS","SeverityValue":2,"Severity":"INFO","EventID":4658,"SourceName":"Microsoft-Windows-Security-Auditing","ProviderGuid":"{54849625-5478-4994-A5BA-3E3B0328C30D}","Version":0,"Task":12804,"OpcodeValue":0,"RecordNumber":37227056,"ProcessID":4,"ThreadID":8408,"Channel":"Security","Message":"The handle to an object was closed.\\r\\n\\r\\nSubject :\\r\\n\\tSecurity ID:\\t\\tS-1-5-21-61421463-392680996-2733767298-1001\\r\\n\\tAccount Name:\\t\\tdevtst\\r\\n\\tAccount Domain:\\t\\tDESKTOP-IRQ423N\\r\\n\\tLogon ID:\\t\\t0x53E0249\\r\\n\\r\\nObject:\\r\\n\\tObject Server:\\t\\tSecurity Account Manager\\r\\n\\tHandle ID:\\t\\t0x19797473180\\r\\n\\r\\nProcess Information:\\r\\n\\tProcess ID:\\t\\t0x2ac\\r\\n\\tProcess Name:\\t\\tC:\\\\Windows\\\\System32\\\\lsass.exe","Category":"Other Object Access Events","Opcode":"Info","SubjectUserSid":"S-1-5-21-61421463-392680996-2733767298-1001","SubjectUserName":"devtst","SubjectDomainName":"DESKTOP-IRQ423N","SubjectLogonId":"0x53e0249","ObjectServer":"Security Account Manager","HandleId":"0x19797473180","ProcessName":"C:\\\\Windows\\\\System32\\\\lsass.exe","EventReceivedTime":"2017-07-30 16:55:30","SourceModuleName":"eventlog","SourceModuleType":"im_msvistalog"}', 1, 1, 1, '04500001012421620123451377', 1, 2, 120, '', '2017-08-02 11:52:56', 1, '2017-08-02 11:52:56', 4500005, 4500001, '0450000101242077', 'No Way baby', 6010, 5);

-- --------------------------------------------------------

--
-- Table structure for table `tbl_categories`
--

CREATE TABLE IF NOT EXISTS `tbl_categories` (
  `ca_sequence` int(8) NOT NULL DEFAULT '1',
  `cateid` int(4) NOT NULL,
  `ca_name` varchar(50) NOT NULL,
  `ca_description` varchar(100) NOT NULL,
  PRIMARY KEY (`ca_sequence`)
) ENGINE=InnoDB DEFAULT CHARSET=utf8;

--
-- Dumping data for table `tbl_categories`
--

INSERT INTO `tbl_categories` (`ca_sequence`, `cateid`, `ca_name`, `ca_description`) VALUES
(1, 100, 'Malware', 'Malware main group'),
(2, 110, 'Malware Worm', 'Malware Worm group'),
(3, 120, 'Malware Bot', 'Malware group'),
(4, 140, 'Malware Trojan', 'Malware group'),
(5, 150, 'Malware Spyware', 'Malware group'),
(6, 200, 'Privilege Escalation', 'Privilege Escalation group'),
(7, 210, 'Intrusion Privileged Account Compromise', 'Intrusion Privileged Account Compromise group'),
(8, 300, 'Brute-force', 'Brute-force group'),
(9, 400, 'Denial of Service (DOS)', 'Denial of Service (DOS) group'),
(10, 500, 'Un-authorized Access', 'Un-authorized Access group'),
(11, 600, 'System Availability', 'System Availability group'),
(12, 700, 'Data Breach', 'Data Breach group'),
(13, 800, 'Spam &Phishing', 'Spam &Phishing group'),
(14, 900, 'Intrusion', 'Intrusion group'),
(15, 910, 'Intrusion Unprivileged Account Compromise', 'Intrusion Unprivileged Account Compromise group'),
(16, 920, 'Unauthorized Access to Resources', 'Unauthorized Access to Resources group'),
(17, 930, 'Application Compromise', 'Application Compromise group'),
(18, 940, 'Scanning', 'Scanning group'),
(19, 950, 'Sniffing', 'Sniffing group'),
(20, 1000, 'APT', 'APT group'),
(21, 130, 'Ransomware', 'Malware group');

-- --------------------------------------------------------

--
-- Table structure for table `tbl_clients`
--

CREATE TABLE IF NOT EXISTS `tbl_clients` (
  `clientid` int(8) NOT NULL DEFAULT '1',
  `cl_sequence` bigint(16) NOT NULL DEFAULT '1',
  `cl_dataver` int(3) NOT NULL DEFAULT '1',
  `cl_name` varchar(30) NOT NULL,
  `cl_type` int(3) NOT NULL,
  `partnerid` int(8) NOT NULL,
  `cl_address` varchar(30) NOT NULL,
  `cl_webaddress` varchar(30) NOT NULL,
  `cl_mainnumber` varchar(30) NOT NULL,
  `cl_location` varchar(30) NOT NULL,
  `cl_locationdescription` varchar(30) NOT NULL,
  `cl_companystructure` varchar(30) NOT NULL,
  `cl_countryid` int(3) NOT NULL,
  `cl_countriesrepresentedin` int(3) NOT NULL,
  `cl_vat` int(8) NOT NULL,
  `cl_branchtype` int(3) NOT NULL,
  `cl_employeecount` int(8) NOT NULL,
  `cl_logsourcepotential` int(8) NOT NULL,
  `cl_itpolicy` blob,
  `cl_infrastructurediagram` blob,
  `cl_stepstone` int(1) NOT NULL DEFAULT '1',
  `cl_stepstoneaccesspermissions` varchar(120) NOT NULL,
  `cl_securitypolicy` blob,
  `cl_companypolicy` blob,
  `onboardingstatus` int(8) NOT NULL DEFAULT '1',
  `crmid` int(20) NOT NULL,
  `cl_itownerid` int(5) NOT NULL,
  `cl_2leveldelegate` int(1) NOT NULL DEFAULT '1',
  `cl__escalationcontactid` int(5) NOT NULL,
  `cl_2levelservicecontactid` int(5) NOT NULL,
  `cl_2levelservicecontactconditions` varchar(30) NOT NULL,
  `cl_commet` varchar(200) NOT NULL,
  `cl_createddatetime` date DEFAULT NULL,
  `cl_createdbyid` int(5) NOT NULL,
  `cl_updatedatetime` date DEFAULT NULL,
  PRIMARY KEY (`cl_sequence`)
) ENGINE=InnoDB DEFAULT CHARSET=utf8;

--
-- Dumping data for table `tbl_clients`
--

INSERT INTO `tbl_clients` (`clientid`, `cl_sequence`, `cl_dataver`, `cl_name`, `cl_type`, `partnerid`, `cl_address`, `cl_webaddress`, `cl_mainnumber`, `cl_location`, `cl_locationdescription`, `cl_companystructure`, `cl_countryid`, `cl_countriesrepresentedin`, `cl_vat`, `cl_branchtype`, `cl_employeecount`, `cl_logsourcepotential`, `cl_itpolicy`, `cl_infrastructurediagram`, `cl_stepstone`, `cl_stepstoneaccesspermissions`, `cl_securitypolicy`, `cl_companypolicy`, `onboardingstatus`, `crmid`, `cl_itownerid`, `cl_2leveldelegate`, `cl__escalationcontactid`, `cl_2levelservicecontactid`, `cl_2levelservicecontactconditions`, `cl_commet`, `cl_createddatetime`, `cl_createdbyid`, `cl_updatedatetime`) VALUES
(4500001, 1, 1, 'SAC Solutions', 1, 450001, 'Fuglebkvej 2b, 2770 Kastrup', 'client1.dev.sacsol.com\n', '29828201', 'HQ', 'Flat comapny structure', '045', 45, 2, 34343401, 14, 40, 33, NULL, NULL, 1, 'no permissions', NULL, NULL, 3, 1, 1, 1, 1, 1, '1', 'no comment', NULL, 1, NULL),
(4500002, 2, 1, 'Client2', 1, 450001, 'client2 adr', 'client2.dev.sacsol.com\n', '29828202', 'HQ', 'Flat comapny structure', '045', 45, 20, 34343402, 14, 40, 33, NULL, NULL, 1, 'no permissions', NULL, NULL, 3, 2, 2, 2, 1, 1, '1', 'no comment', NULL, 1, NULL),
(4500003, 3, 1, 'Client3', 1, 450001, 'client 3 adr', 'client3.dev.sacsol.com', '29828203', 'HQ', 'Flat comapny structure', '045', 45, 30, 34343403, 14, 40, 33, NULL, NULL, 1, 'no permissions', NULL, NULL, 3, 3, 3, 3, 1, 1, '1', 'no comment', NULL, 1, NULL),
(4500004, 4, 1, 'Client4', 1, 450002, 'client 4 adresses long', 'client4.dev.sacsol.com\n', '29828204', 'HQ', 'Flat comapny structure', '045', 45, 40, 1, 14, 40, 33, NULL, NULL, 1, 'no permissions', NULL, NULL, 3, 4, 4, 1, 1, 1, '1', 'no comment', NULL, 1, NULL),
(4500005, 5, 1, 'Client5', 1, 450002, 'client 5 adr', 'client5.dev.sacsol.com\n', '29828205', 'HQ', 'Flat comapny structure', '045', 45, 50, 1, 14, 40, 33, NULL, NULL, 1, 'no permissions', NULL, NULL, 3, 5, 5, 1, 1, 1, '1', 'no comment', NULL, 1, NULL),
(4500006, 6, 1, 'Client6', 1, 450002, 'client6 adr', 'client6.dev.sacsol.com\n', '29828206', 'HQ', 'Flat comapny structure', '045', 45, 60, 1, 14, 40, 33, NULL, NULL, 1, 'no permissions', NULL, NULL, 3, 6, 6, 1, 1, 1, '1', 'no comment', NULL, 1, NULL),
(4500007, 7, 1, 'Client7', 1, 450002, 'Fuglebkvej 2b', 'client7.dev.sacsol.com\n', '29828207', 'HQ', 'Flat comapny structure', '045', 45, 70, 1, 14, 40, 33, NULL, NULL, 1, 'no permissions', NULL, NULL, 3, 7, 7, 1, 1, 1, '1', 'no comment', NULL, 1, NULL),
(4500008, 8, 1, 'Client8', 1, 450003, 'Fuglebkvej 2b', 'client8.dev.sacsol.com\n', '29828208', 'HQ', 'Flat comapny structure', '045', 45, 80, 1, 14, 40, 33, NULL, NULL, 1, 'no permissions', NULL, NULL, 3, 8, 8, 1, 1, 1, '1', 'no comment', NULL, 1, NULL),
(4500009, 9, 1, 'Client9', 1, 450003, 'Fuglebkvej 2b', 'client9.dev.sacsol.com\n', '29828209', 'HQ', 'Flat comapny structure', '045', 45, 90, 1, 14, 40, 33, NULL, NULL, 1, 'no permissions', NULL, NULL, 3, 9, 9, 1, 1, 1, '1', 'no comment', NULL, 1, NULL),
(4500010, 10, 1, 'Client10', 1, 450004, 'client10 adr', 'client10.dev.sacsol.com\n', '29828210', 'HQ', 'Flat comapny structure', '045', 45, 100, 1, 14, 40, 33, NULL, NULL, 1, 'no permissions', NULL, NULL, 3, 10, 10, 1, 1, 1, '1', 'no comment', NULL, 1, NULL),
(4500011, 11, 1, 'Client11', 1, 450003, 'Client11 adr', 'client11.dev.sacsol.com\n', '29828211', 'HQ', 'Flat comapny structure', '045', 45, 110, 1, 14, 40, 33, NULL, NULL, 1, 'no permissions', NULL, NULL, 3, 11, 11, 1, 1, 1, '1', 'no comment', NULL, 1, NULL);

-- --------------------------------------------------------

--
-- Table structure for table `tbl_platform`
--

CREATE TABLE IF NOT EXISTS `tbl_platform` (
  `pl_sequence` int(8) NOT NULL DEFAULT '1',
  `platid` int(5) NOT NULL,
  `pl_name` varchar(50) NOT NULL,
  `pl_firmware` varchar(50) NOT NULL,
  `pl_description` varchar(100) NOT NULL,
  PRIMARY KEY (`pl_sequence`)
) ENGINE=InnoDB DEFAULT CHARSET=utf8;

--
-- Dumping data for table `tbl_platform`
--

INSERT INTO `tbl_platform` (`pl_sequence`, `platid`, `pl_name`, `pl_firmware`, `pl_description`) VALUES
(1, 1000, 'firewall', 'a/n', 'Firewall group'),
(2, 1010, 'firewall', 'a/n', 'Firewall Cisco ASA'),
(3, 1020, 'firewall', 'a/n', 'Firewall Checkpoint'),
(4, 1030, 'firewall', 'a/n', 'Firewall SonicWall'),
(5, 2000, 'endpoint', 'a/n', 'Endpoint group'),
(6, 2010, 'endpoint', 'a/n', 'Endpoint Windows 10'),
(7, 2020, 'endpoint', 'a/n', 'Endpoint Windows 7'),
(8, 2030, 'endpoint', 'a/n', 'Endpoint Windows 8'),
(9, 2040, 'endpoint', 'a/n', 'Endpoint Windows 8.1'),
(10, 2050, 'Endpoint', 'a/n', 'MAC'),
(11, 4000, 'server', 'a/n', 'Server group'),
(12, 4010, 'server', 'a/n', 'Server Windows 2012 r2'),
(13, 4020, 'server', 'a/n', 'Server Windows 2016'),
(14, 4030, 'server', 'a/n', 'Server Windows 2003'),
(15, 5000, 'directory', 'a/n', 'Drirectory server group'),
(16, 5010, 'directory', 'a/n', 'Active Directory server Windows 2012'),
(17, 6000, 'mail', 'a/n', 'Mail server group'),
(18, 6010, 'mail', 'a/n', 'Mail server Microsoft Exchange 2013'),
(19, 6020, 'mail', 'a/n', 'Mail server Microsoft Exchange 2016'),
(20, 7000, 'NAS', 'a/n', 'NAS group'),
(21, 7010, 'NAS', 'a/n', 'NAS Qnap'),
(22, 7020, 'NAS', 'a/n', 'NAS NAS Iomega'),
(23, 7030, 'NAS', 'a/n', 'NAS Synology'),
(24, 8000, 'switch', 'a/n', 'Switch Group'),
(25, 8010, 'Switch', 'a/n', 'Cisco Switch'),
(26, 8020, 'Switch', 'a/n', 'HP Switch'),
(27, 9000, 'Hypervisor', 'a/n', 'Hypervisor group'),
(28, 9010, 'Hypervisor', 'a/n', 'Vmware ESXi'),
(29, 9020, 'Hypervisor', 'a/n', 'MS Hyper V'),
(30, 10000, 'Cloud', 'a/n', 'Cloud Group'),
(31, 11000, 'Proxy', 'a/n', 'Layer 7 firewall'),
(32, 12000, 'AP', 'a/n', 'Access Point'),
(33, 13000, 'Mobile', 'a/n', 'Mobile group'),
(34, 14000, 'SAN', 'a/n', 'Storage Access Network group'),
(35, 15000, 'RDBMS', 'a/n', 'Relational database group'),
(36, 16000, 'Fileserver', 'a/n', 'Fileserver group'),
(37, 17000, 'WEB', 'a/n', 'Web server group'),
(38, 18000, 'Application ', 'a/n', 'application group'),
(39, 19000, 'IDS', 'a/n', 'Intrusion Detection System group'),
(40, 20000, 'AV', 'a/n', 'Antivirus group'),
(41, 8030, 'Switch', 'a/n', 'Dell Switch');

-- --------------------------------------------------------

--
-- Table structure for table `tbl_users`
--

CREATE TABLE IF NOT EXISTS `tbl_users` (
  `userid` int(8) NOT NULL,
  `clientid` int(8) NOT NULL,
  `usr_username` varchar(50) NOT NULL,
  `usr_password` varchar(30) NOT NULL,
  `usr_email` varchar(50) NOT NULL,
  UNIQUE KEY `userid` (`userid`)
) ENGINE=InnoDB DEFAULT CHARSET=utf8;

--
-- Dumping data for table `tbl_users`
--

INSERT INTO `tbl_users` (`userid`, `clientid`, `usr_username`, `usr_password`, `usr_email`) VALUES
(1, 4500001, 'User 1 fist name last name', 'password', 'user1@client1.com'),
(2, 4500002, 'User 2 fist name last name', 'password', 'user2@client2.com'),
(3, 4500003, 'User 3 fist name last name', 'password', 'user3@client3.com'),
(4, 4500004, 'User 4 fist name last name', 'password', 'user4@client4.com'),
(5, 4500005, 'User 5 fist name last name', 'password', 'user5@client5.com'),
(6, 4500006, 'User 6 fist name last name', 'password', 'user6@client6.com'),
(7, 4500007, 'User 7 fist name last name', 'password', 'user7@client7.com'),
(8, 4500008, 'User8 fist name last name', 'password', 'user8@client8.com'),
(9, 4500009, 'User9 fist name last name', 'password', 'user9@client9.com'),
(10, 4500010, 'User10 fist name last name', 'password', 'user10@client10.com'),
(11, 4500011, 'User11 fist name last name', 'password', 'user11@client11.com'),
(12, 4500001, 'User 12 fist name last name', 'password', 'user12@client1.com'),
(13, 4500003, 'User 13 fist name last name', 'password', 'user13@client3.com'),
(14, 4500004, 'User 14 fist name last name', 'password', 'user14@client4.com');

/*!40101 SET CHARACTER_SET_CLIENT=@OLD_CHARACTER_SET_CLIENT */;
/*!40101 SET CHARACTER_SET_RESULTS=@OLD_CHARACTER_SET_RESULTS */;
/*!40101 SET COLLATION_CONNECTION=@OLD_COLLATION_CONNECTION */;
